{"task1": [-1], "task2": [-0.8, -0.6], "task3": [0.5, -0.5, -0.5, 0.5], "task4": [0.6666666666666666, 0.5, 0.3333333333333333, 0.16666666666666666, 0.3333333333333333, 0.16666666666666666, 0.16666666666666666]}