{"proj_a_b": {"__ndarray__": [0.5, 0.5, 1.5, 1.5, 2.0], "dtype": "float64", "shape": [5]}, "orth_a_b": {"__ndarray__": [5.5, 2.5, 0.5, -0.5, -2.0], "dtype": "float64", "shape": [5]}, "proj_b_a": {"__ndarray__": [2.16, 1.08, 0.72, 0.36, 0.0], "dtype": "float64", "shape": [5]}, "orth_b_a": {"__ndarray__": [-1.1600000000000001, -0.08000000000000007, 2.2800000000000002, 2.64, 4.0], "dtype": "float64", "shape": [5]}}