{"dot_product": 10.392304845413264, "proj_x_to_y": 2.598076211353316}