{"expression": [6, 7, 8, 9], "dot_prod": 20, "length_a": 5.477225575051661, "length_b": 5.477225575051661, "angle": 0.8410686705679303, "dir_a": [0.18257418583505536, 0.3651483716701107, 0.5477225575051661, 0.7302967433402214], "dir_b": [0.7302967433402214, 0.5477225575051661, 0.3651483716701107, 0.18257418583505536], "a_proj_b": [1.3333333333333333, 1.0, 0.6666666666666666, 0.3333333333333333], "b_proj_a": [0.3333333333333333, 0.6666666666666666, 1.0, 1.3333333333333333], "a_orth_b": [-0.3333333333333333, 1.0, 2.3333333333333335, 3.6666666666666665], "b_orth_a": [3.6666666666666665, 2.3333333333333335, 1.0, -0.3333333333333333]}