{"correct":0.04,"total":1,"failedTests":["root -> 0: \n                    FAILED: Incorrect answer. Misfit is 0.001723007460226875,'\n                    that is larger than eps (0.0001)","root -> 1: \n                    FAILED: Incorrect answer. Misfit is 0.0008764206746752213,'\n                    that is larger than eps (0.0001)","root -> 2: \n                    FAILED: Incorrect answer. Misfit is 0.0006831861892510364,'\n                    that is larger than eps (0.0001)","root -> 3: \n                    FAILED: Incorrect answer. Misfit is 0.0023682568633051947,'\n                    that is larger than eps (0.0001)","root -> 4: \n                    FAILED: Incorrect answer. Misfit is 0.011439359751802283,'\n                    that is larger than eps (0.0001)","root -> 5: \n                    FAILED: Incorrect answer. Misfit is 0.0012438412510734998,'\n                    that is larger than eps (0.0001)","root -> 6: \n                    FAILED: Incorrect answer. Misfit is 0.002142055806103672,'\n                    that is larger than eps (0.0001)","root -> 7: \n                    FAILED: Incorrect answer. Misfit is 0.0032158718185052843,'\n                    that is larger than eps (0.0001)","root -> 8: \n                    FAILED: Incorrect answer. Misfit is 0.001124287544149478,'\n                    that is larger than eps (0.0001)","root -> 9: \n                    FAILED: Incorrect answer. Misfit is 0.002329240835197334,'\n                    that is larger than eps (0.0001)","root -> 10: \n                    FAILED: Incorrect answer. Misfit is 0.0026484133965540635,'\n                    that is larger than eps (0.0001)","root -> 11: \n                    FAILED: Incorrect answer. Misfit is 0.001814584386505911,'\n                    that is larger than eps (0.0001)","root -> 12: \n                    FAILED: Incorrect answer. Misfit is 0.0023868272026837784,'\n                    that is larger than eps (0.0001)","root -> 13: \n                    FAILED: Incorrect answer. Misfit is 0.008309466479870348,'\n                    that is larger than eps (0.0001)","root -> 14: \n                    FAILED: Incorrect answer. Misfit is 0.0008287954904816895,'\n                    that is larger than eps (0.0001)","root -> 15: \n                    FAILED: Incorrect answer. Misfit is 0.003911038377475862,'\n                    that is larger than eps (0.0001)","root -> 16: \n                    FAILED: Incorrect answer. Misfit is 0.018532320281389614,'\n                    that is larger than eps (0.0001)","root -> 17: \n                    FAILED: Incorrect answer. Misfit is 0.006186727293142483,'\n                    that is larger than eps (0.0001)","root -> 18: \n                    FAILED: Incorrect answer. Misfit is 0.0009127994926389459,'\n                    that is larger than eps (0.0001)","root -> 19: \n                    FAILED: Incorrect answer. Misfit is 0.004644502866820582,'\n                    that is larger than eps (0.0001)","root -> 21: \n                    FAILED: Incorrect answer. Misfit is 0.00599563150084603,'\n                    that is larger than eps (0.0001)","root -> 22: \n                    FAILED: Incorrect answer. Misfit is 0.0027469702248194457,'\n                    that is larger than eps (0.0001)","root -> 23: \n                    FAILED: Incorrect answer. Misfit is 0.001238396914664819,'\n                    that is larger than eps (0.0001)","root -> 24: \n                    FAILED: Incorrect answer. Misfit is 0.001654145361766324,'\n                    that is larger than eps (0.0001)","root -> 25: \n                    FAILED: Incorrect answer. Misfit is 0.0007396015550747826,'\n                    that is larger than eps (0.0001)","root -> 26: \n                    FAILED: Incorrect answer. Misfit is 0.002014099025424077,'\n                    that is larger than eps (0.0001)","root -> 27: \n                    FAILED: Incorrect answer. Misfit is 0.00520105483597601,'\n                    that is larger than eps (0.0001)","root -> 28: \n                    FAILED: Incorrect answer. Misfit is 0.0030356820451934567,'\n                    that is larger than eps (0.0001)","root -> 29: \n                    FAILED: Incorrect answer. Misfit is 0.0006095249910538849,'\n                    that is larger than eps (0.0001)","root -> 30: \n                    FAILED: Incorrect answer. Misfit is 0.002613773353619916,'\n                    that is larger than eps (0.0001)","root -> 31: \n                    FAILED: Incorrect answer. Misfit is 0.00011032337902833549,'\n                    that is larger than eps (0.0001)","root -> 32: \n                    FAILED: Incorrect answer. Misfit is 0.0002455971338220134,'\n                    that is larger than eps (0.0001)","root -> 33: \n                    FAILED: Incorrect answer. Misfit is 0.0028597721302518215,'\n                    that is larger than eps (0.0001)","root -> 34: \n                    FAILED: Incorrect answer. Misfit is 0.003276526266791559,'\n                    that is larger than eps (0.0001)","root -> 35: \n                    FAILED: Incorrect answer. Misfit is 0.00013865010046262092,'\n                    that is larger than eps (0.0001)","root -> 36: \n                    FAILED: Incorrect answer. Misfit is 0.0023296156966349313,'\n                    that is larger than eps (0.0001)","root -> 38: \n                    FAILED: Incorrect answer. Misfit is 0.028126707587221612,'\n                    that is larger than eps (0.0001)","root -> 39: \n                    FAILED: Incorrect answer. Misfit is 0.0006574129497701635,'\n                    that is larger than eps (0.0001)","root -> 40: \n                    FAILED: Incorrect answer. Misfit is 0.000362693256853594,'\n                    that is larger than eps (0.0001)","root -> 41: \n                    FAILED: Incorrect answer. Misfit is 0.0018577554377078292,'\n                    that is larger than eps (0.0001)","root -> 42: \n                    FAILED: Incorrect answer. Misfit is 0.0011928984843389801,'\n                    that is larger than eps (0.0001)","root -> 43: \n                    FAILED: Incorrect answer. Misfit is 0.0013191567537177737,'\n                    that is larger than eps (0.0001)","root -> 44: \n                    FAILED: Incorrect answer. Misfit is 0.0017375832262172147,'\n                    that is larger than eps (0.0001)","root -> 45: \n                    FAILED: Incorrect answer. Misfit is 0.0007968185963653794,'\n                    that is larger than eps (0.0001)","root -> 46: \n                    FAILED: Incorrect answer. Misfit is 0.006394520039533416,'\n                    that is larger than eps (0.0001)","root -> 47: \n                    FAILED: Incorrect answer. Misfit is 0.0015216426439579917,'\n                    that is larger than eps (0.0001)","root -> 48: \n                    FAILED: Incorrect answer. Misfit is 0.0022161390523975765,'\n                    that is larger than eps (0.0001)","root -> 49: \n                    FAILED: Incorrect answer. Misfit is 0.000625453475201065,'\n                    that is larger than eps (0.0001)","root -> 50: \n                    FAILED: Incorrect answer. Misfit is 0.0035561140193673445,'\n                    that is larger than eps (0.0001)","root -> 51: \n                    FAILED: Incorrect answer. Misfit is 0.01680495899836448,'\n                    that is larger than eps (0.0001)","root -> 52: \n                    FAILED: Incorrect answer. Misfit is 0.0007416239574880117,'\n                    that is larger than eps (0.0001)","root -> 53: \n                    FAILED: Incorrect answer. Misfit is 0.006241717150893284,'\n                    that is larger than eps (0.0001)","root -> 54: \n                    FAILED: Incorrect answer. Misfit is 0.001290968517577263,'\n                    that is larger than eps (0.0001)","root -> 55: \n                    FAILED: 